"Easy to use website, clear instructions."
"I liked I could do it over Internet."
"Clear and straightforward."
"Efficient."
"Very smooth and intuitive navigation online."
"Quick response on quote."
"Very easy to use Web site"
"Very simple and straightforward. So much easier than when we last scrapped a car - about 12 years ago!!"
"User  friendly site which is easy to use. "
"So easy to get quotes and scrap your car."
"Makes scrapping easy. Site is really user friendly, and mobile friendly too which is great! "
"Site easy to use and two previous cars were collected when stated and drivers were polite and professional"
"I have used your service before and it was fantastic!"
"Easy to use website with clear instructions"
"Easy to fill forms in and a quick response"
"Would just like to say having just scrapped my car through cartakeback.com I will be recommending you to all my friends. If all companies were run and as easy to deal with as yourselves the world be a better place! Thanks for a great service!"
"It was easy to arrange a collection."
"Very user friendly website, straight to the point."
"Quick, clear and easy to use."
"its easy"
"Quick and efficient service"
"FAQs are helpful and the live chat was useful too."
"Easy to use website."
"Best price by far out of many company's. Also easy website to use; and instant quotes are great!"
"Have used CarTakeback.com before. Quick, reliable & professional service."
"Well designed, easy to use website"
" I have used car take back before, and each time it was faultless!"
"Quick and easy"
"Quick and straight forward"
"Quick and convenient"
"Easy to get around the site and quick to get my valuation"
"Quick and easy to use, what a refreshing change."
"Very simple and easy to understand."
"Excellent valuation, I was offered 50% more from you guys than the local scrapyard, excellent."
"Fast and good price."
"Easy website to use, convenient with clear instruction and plenty of information."
"Easy and fast"
"Quick and easy"
"Quick quote and not a lot of questions"
"Good, easy, well-priced. Not getting annoying texts is a big plus in my books."
"Easy to use website and prompt confirmation by email & text"
"Easy and quick "
"Used the site before, will continue to do so."
"Easy to use website. Tells you straight away the price."
"Super easy"
"Easy to do"
"Very easy to use "
"Quick and easy."
"Easy, quick, hassle free "
"Great web site,  comprehensive FAQs section "
"Easy to use. Valuation before putting in personal details."
"Easy to deal with"
"Easy to sort out"
"Very clear and easy to arrange an appointment. "
"Quick and easy"
"Easy to use and got a price before entering personal details "
"excellent service"
"Friendly and efficient service"
"Simple to arrange and helpful on the phone."
"So easy to use, no hassle "
"This is the second time I have used you. Easy to arrange and efficient."
"Easy to get quote "
"Very pleasant to deal with."
"Quick and easy to apply for a quote and collection."
"Simple and easy to use website. I love the fact the vehicle will be recycled responsibly plus I am keeping my fingers crossed for winning the Mitsubushi Mirage!"
"Easy to get a quote and a good choice of centres offered."
"Simple, clear, straightforward."
"Easy to use website, second car I have processed through you and will no doubt use you again if I have another car to dispose of."
"Website is easy to use."
"Quick quote."
"Easy and quick to get a quote and arrange pick up."
"Easy to get a quote online."
"Really easy to use and best quote by far."
"Very easy to understand, as everything is explained very clearly."
"Best price"
"So simple and clear."
"It's easy and I have a good quote."
"I got an instant quote and a great price."
"Best price offered, simple to use service."
"An exceptionally clear and user-friendly website, a good price for my car. "
"Easy to navigate website and a quick and clearly stated quote."
"Quick and easy. Love how you collect the car."
"Good price and easy to arrange"
"Easy and simple to do, quick quote."
"Very simple and easy to use."
"The speed and efficiency in arranging collection."
"Very quick and efficient."
"My second car I have scrapped with this company - very good service."
"Very easy and straight forward process."
"Very easy to use and a good price."
"Fast and easy."
"Good telephone enquiry service and clear easy to use website."
"Online chat - quick and efficient."
"Easy to follow instructions."
"Easy to use, instant quote and gives best price."
"Very quick and easy."
"Very easy and straightforward to use."
"Speed of quote and ease of website."
"Simple, straightforward and professional."
"Really good and easy to use."
"Very easy instructions to complete process."
"Easy step by step guidance."
"Always reliable and quick, I have scrapped a few cars and am happy with the service."
"Easy to use and good rate offered."
"Quick quote. "
"Easy and straight forward."
"Easy, no hassle service."
"A quick no fuss service."
"Good and user friendly web experience."
"Quick and easy."
"Quick and easy, no fuss."
"Quick quote and helpful info."
"Good quote, simple to use service."
"Great - really quick response."
"Simple and easy to use. The only site which has given me an estimated value on line, rather than waiting for contact from a representative."
"Very good, called a couple of times for advice and found the staff very helpful. "
"Very quick, clear and a good price offered."
"Easy website to use and and quick to get a quote."
"Easy to use. Concise instructions. "
"Very straigtforward - Takes no time at all."
"Best price and easy process."
"Simple website, very straight forward and instant results."
"Easy, straight forward & simple. "
"Very good service and staff, very helpful and very easy to arrange."
"Great site, really easy to use."
"Easy to use, happy the car is collected"
"Easy to use, great price"
"Fast, easy and straight forward."
"simple and straightforward"
"Easy to arrange."
"Simple to use good offer."
"Very easy to use with clear instructions."
"Good competitive quotes."
"We have used this service previously and were confident enough to recommend this service to others."
"Easy to use and very informative."
"Quick and easy."
"Quick and easy quotation."
"Very easy, friendly website."
"Really easy site to follow."
"Easy to navigate, straightforward."
"Fast, Simple to use."
"Great website and support over the phone."
"Quick and easy to apply for scrapping car."
"The website is easy to use, you also get a quote straight away which is helpful."
"It's a quick and simple service, I have used the service previously and it was always a good experience"
"I've used before - excellent"
"It's been very quick and easy."
"Very helpful live chat."
"Quick and easy, friendly staff contact "
"Quick and easy"
"very good experience"
"very straight forward"
"Very efficient"
"It's very easy. "
"Straight to the point."
"It's quick & easy to follow & understand. "
"Fast and easy website. Used you before and was happy so came back. "
"Smooth process."
"Quick and easy"
"Quick and easy I have used this site before and beed very happy with the service"
"Straight forward service"
"Used before, easy good service with good prices paid"
"Excellent and fast service."
"Quick response, easy, accessible."
"Great quotes."
"The ease and amount of information provided in the FAQs. Makes the whole process so easy to understand and plan out."
"Very straightforward and easy use."
"Easy and quick and no ringing round."
"Easy to use. "
"Easy to understand service."
"The quick response."
"Easy to use, online chat very efficient."
"Easy to use."
"Quick and easy."
"Very straightforward website."
"Very easy to use web site fast and efficient."
"Quick service. Service gives time to consider options."
"So easy to use. It only takes a couple of minutes. "
"Very good, easy to use website, no fuss or bother at all."
"It is very easy to navigate the website and great value for the car"
"I have used your service in the past and always impressed."
"Excellent "
"Very simple system and easy to use, very quick quote. "
"Professional."
"Simple, easy, stress free."
"Website is easy to understand. It really simplifies the whole process."
"Very easy site to use.Quick quotes."
"Really easy website to use, actually a pleasure to use:)"
"Very simple and quick to arrange - fair price too !"
"Instant quote without having to enter all details."
"Very efficient and easy to use. "
"Excellent."
"Easy to understand.  Fast quote. "
"So quick, clear and convenient."
"Easy and simple to do. No long forms to fill out."
"Good price,  easy website to use."
"Very straightforward to organise and stress free."
"Good, clear and easy to use website."
"I have used your service on a previous occasion without any problems so have decided to use it again."
"Easy, clear, quick and efficient."
"very reliable service"
"simple and easy"
"Quick turnaround on communication. Easy to use website."
"easy to use service, convenient."
"Quick and easily explained."
"Easy and straightforward."
"Quick and easy."
"Prompt quote."
"Easy and straightforward."
"Quick and easy."
"No quibble, fast response."
"Very clear and simple. Nice online application."
"Clear and concise."
"Easy to use."
"I have used your services by the past."
"Not too many questions. Good price."
"Quick and easy!"
"Could chat to someone online instantly."
"Simple, best price."
"Easy to complete online request, all the information I needed is available on the website."
"Very simple and absolutely no hassle involved in the process."
"Quick quote and no fuss booking appointment system"
"Used you before and you were great."
"Easy to understand and Quick to use site."
"Very convenient."
"It seems like a nice, simple, hassle free way to get rid of an old car."
"Best price and easy arrangements."
"Great & simple"
"Straight forward and simple"
"Immediate quote."
"The only company out of 5 I tried that answered the phone! Helpful staff."
"Easy to use and fill in online information. Not too long winded."
"Good prices given"
"Quick quote, no nonsense "
"Very easy and user friendly.  "
"User friendly website and everything needed, was well explained on the website "
"Everything, used your service with my previous car"
"Polite, courteous and always keeping in touch"
"Used this service before and liked its efficiency and ease for arrangements"
"Very straightforward to fill out details on website. Instant quote."
"Ease of use."
"Simple and easy."
"Easy to use."
"Quick, easy and a good price."
"Easy to use."
"Nice, simple and quick to get a quote."
"Very fast and easy."
"Very easy site to use."
"Simple process."
"Easy and quick."
"Ease of use. Not required to enter details prior to quote."
"Easy to use website. Clear in terms of the legal responsibility you have which of course is important when scrapping/reusing cars. "
"Quick and easy."
"Ease of use."
"Very accurate and to-date, honest."
"Quick quote, easy to use service."
"Quote sent in stated timeframe."
"Quick & straight-forward."
"Easy to sort out."
"Quick response time for web help."
"Website easy and clear."
"I am the used car controller at Mercedes of Hertford, and recently had cause to contact you to dispose of an elderly Ford Ka. My initial telephone call was promptly and efficiently dealt with, and the car subsequently collected later that day! What's more the CoD was emailed to me the following morning as promised.  Thank you for your excellent service, I will certainly call you next time."
"Very simple and quick and a good price too."
"Fast and efficient."
"User friendly."
"Easy format to use. Very simple.."
"Very efficient."
"Prompt."
"Very clear and uncomplicated. "
"Very quick valuation and easy to sell. Very impressed."
"Very easy website to navigate."
"Instant quote and good local locations to drop car off."
"I've used cartakeback previously and to be honest its the only one I'd use."
"Very easy to use! "
"Efficient service"
" Goood experience."
"Quick and easy to use "
"Simple to use."
"Easy and efficient "
"It was quick and it was easy."
"Very simple to use."
"Very easy to use."
"Very simple website and booking."
"So quick and easy to use."
"Simplicity of use."
"The quote price."
"Speed of response and fair offer."
"Quick and easy, based on online quote."
"It's short and straightforward."
"Straightforward and simple process. No nonsense."
"It is quick, easy and you get the guaranteed price that you are quoted. There are also a lot of locations close which makes dropping the vehicle off easy."
"Quick and efficient."
"Very quick, reliable service, used them already."
"Have used this service 3 times over the years always very happy with all aspects from start to finish."
"Fantastic! Really easy to use."
"Easy & quick."
"It is very quick and so efficient. Would recommend to anyone. Great Company!"
"Easy to use."
"Get to see the price offered as other sites make claims and don't stick by them."
"Easy and quick."
"Good price and easy to complete."
"Website very easy to navigate. Process is simple."
"Quick and easy."
"Quick response."
"Easy way to scrap unwanted car."
"Easy to use, next day collection. Excellent"
"Quick and Convenient"
"it's quick and easy."
"Quick and simple with good customer service "
"The webpage is very easy to use and has a lot of information."
"Very efficient and easy to use."
"Very easy steps to follow."
"Very easy to do."
"Quick and stress free."
"Quick and easy to arrange collection.  "
"It has been very easy to use."
"Easy service that is quick and straight to the point."
"Easy to navigate."
"Used before. Easy to do transaction."
"Easy and straight forward, answers all your questions without asking."
"Easy to use good price, have used in the past and everything went as planned."
"Quick and easy."
"The great price you are offering."
"Excellent website."
"Easy to access form, straightforward instructions."
"Easy to use."
"Quick and simple."
"Quick & reliable."
"The information pages were very useful."
"Easy to set up and great value."
"Easy to navigate and like the fact that a quote is provided before completing contact information."
"Quick, simple service."
"Quick, easy and fair price offered."
"Really efficient and fair."
"Fast and efficient. No hassle, car disposed for cash in the best way possible."
"Simple to use website, offering a good price."
"Efficient, thorough and easily used."
"Very easy and informative."
"Fantastic"
"Fast and easy"
"Very good, quick to get back to me and very helpful "
"very professional service"
"Fair prices."
"Quick and uncomplicated."
"Very easy to use and it is useful that you can collect cars that don't start. I will certainly recommend this to any friends who are looking to scrap cars too."
"Excellent"
"It was very helpful to use the instant messaging feature to talk to customer services. I spoke to Emma, & she answered my questions clearly and promptly."
"Very straightforward and competitive pricing."
"Ease of use."
"Honest expectation of vehicle condition, quick quote, friendly website."
"Upfront with pricing."
"Simple and easy to use, straight to the point."
"So easy to arrange a collection."
"Easy to use."
"Simple, clear offer."
"Easy to use."
"Clear instructions."
"Easy to use."
"Very user friendly."
"Getting quote instantly, easy website to use."
"Fast efficient and simple to use."
"Easy and simple."
"I had a car collected from Car Take Back, very good communication and very prompt and easy money transaction."
"Always hassle free. 5 stars"
"Very clear system and easy to use."
"Getting more than expected"
"Very easy, simple and straight forward website to use. Very quick and easy to input info and book collection."
"Very quick and easy service"
"Quick  and easy"
"Very easy and staff are a pleasure to talk to and very helpful"
"Quick and simple"
"Easy and efficient"
"Quick service."
"Nice and easy."
"Very good"
"Very efficient service, excellent prices"
"Brilliant, quick and easy!"
"Easy and accessible, convenient."
"Great service last time I had to scrap a car, so happy to use you again."
"I've used CarTakeBack previously, it's a good reliable service."
"Instant online quote and clear explanations."
"By far the simplest, clearest, easiest website I've seen so far about scrapping my car."
"Very easy to use and like how instant the price quote is."
"Really fast and easy to understand."
"Fast response."
"Good price, fast quotes."
"So easy and uncomplicated."
"Very easy to arrange and good prices."
"It was fast and easy to get a quote."
"Fast and easy compared to other services."
"Easy, best quote!"
"Good and very easy to use."
"Easy to follow, fast, and helpful."
"It's very easy and quick"
"Quick, no need to enter lots of info."
"Very quick and easy."
"Good fair prices easy to use website."
"Quick and easy."
"Nice and easy to use website. Very straight forward."
"A very quick and easy to use service! It's been a welcome relief to my car troubles."
"Clear and easy to use website."
"Very easy to use."
"Quick response and a fast service."
"Simple and fast."
"Your service is concise and clear."
"Easy to use, upfront with information."
"Easy to arrange and a good price."
""Website is very easy to use. ""
"Great, have used you before."
"Easy to arrange online."
"Instant quote and helpful website."
"No long waiting on phone and immediate quote."
"Quick and easy to get a quote."
"Quick, easy to understand and follow."
"Easy to get a quote.  Good offer.  Whole process seems very easy and simple.  Takes all the stress out of getting rid of your old car."
"Quick and easy."
"Very simple clear website."
"Fast and easy to use, good price."
"Quick quote."
"Easy to use website."
"Quick and straightforward."
"Quick and easy. No fuss and paperwork complies legally."
"Good clear instruction and excellent customer care. Was able to contact and speak to customer service."
"Very quick and easy."
"I've used your service on two separate occasions hence my return. Excellent service and collection experience."
"It is so easy, have used you twice before and would and have recommended you to others."
"Good price, easy and efficient website."
"Quick and easy and a fair price."
"Extremely easy to use website."
"Easy to use and straightforward."
"Fast and convenient."
"Easy to use website and instant quote."
"Website is easy to navigate and information is presented well."
"Quik easy and reasonable price "
"Easy to use forms and quickly filled in. "
"Very good and easy to use website and good instant quote price."
"Very professional company with good reviews."
"Nice and simple"
"Thank you for a very efficient service from start to finish.  Office staff were friendly and helpful. I was particularly impressed with the driver who collected the car and also the way in which prompt payment was effected.  Money was transferred on collection and was in my account within a few hours.  I will have no hesitation in recommending your company."
"Easy website to navigate and helpful on the phone "
"Simple, easy."
"Site easy to navigate, even on mobile devices."
"Easy to understand."
"Easy and quick, good website layout easy to navigate"
"I have used your service previously and it was excellent"
"Very prompt"
"Quick and easy."
"It's very professional and you can get a quote online."
"Very easy to arrange collection."
"Easy to use website, instant quote."
"The price seemed to be a fair price considering vehicle being collected."
"Good web interface. No need for pre register to view quotes. Option to collect or deliver the car."
"Easy to use, instant response."
"Easy website, straight forward to use, transparent information."
"Quick and painless."
"Consistently best price offered with fast pick up offered."
"Speed and clarity."
"Easy to do and answers to any questions were easy to find on the website."
"Online chat is really helpful!"
"Great service, no messing, easily arranged."
"Easy to use."
"Easy to use - very quick."
"The online forms are easy and understandable."
"Easy, simple, good customer service when I rang."
"Quick service and helpful staff"
"Very simple to follow and instant quote."
"It's simple and easy to use and hassle free."
"Very user friendly and clear information"
"Straightforward and precise."
"Very good service, easy use web site."
"Quick, simple and easy to use. "
"Very easy & comprehensive. Have used before on a previous vehicle."
"The ease of use of website & lots of information about the process & what will happen"
"Very easy website."
"Easy to follow instructions."
"Quick easy and hassle free."
"Quick and easy"
"Easy and straightforward website."
"Very easy process."
"Really quick and easy,  with a local drop off place."
"Very easy to use service and convenient."
"Easy to use website. "
"It has been very easy on line to organise. "
"Easy to use and few questions."
"Speed and ease of use of site."
"Easy to use and simple service."
"Excellent."
"Simple to use, excellent information and communication."
"Used before with no problems."
"Very easy. "
"Clear and simple."
"It has been easy to use this service."
"Easy to use website.  Information is clearly laid out. "
"It's very easy and simple which I like very much."
"Quick and efficient."
"Easy and clear website, quote given quickly."
"Easy to follow."
"Very easy to do."
"User friendly website - quick to provide a quote."
"Good, easy to navigate website."
"Quick and easy."
"Very efficient."
"Quick and easy to use."
"Convenient and easy to complete online."
"Easy to follow, quick process."
"Easy to use website."
"It's so quick and easy."
"Quick and easy."
"Easy to use."
"Very easy form to fill in."
"Clean, simple, easy design to site."
"Easy to do and there was someone available on live chat!"
"Very quick and easy to find a quote and arrange pick up for my old car."
"Easy to sort."
"Being able to chat to get an instant answer to any queries."
"Quick and efficient. Offer is in general good."
"Excellent, easy to use and reliable."
"Used previously so chose to use you again!"
"Excellence service"
"Very user friendly process."
"We have used your service twice in the past and will continue to use when our cars life comes to it's end."
"Easy and quick to use with a fast quotation making my decision easier. "
"Fast and efficient "
"Easy to use website."
""So simple to arrange. Prompt service. ""
"The customer service during the online chat was friendly and efficient, while the quoting system was prompt."
"Website is easy to understand and very quick quote."
"Fast and simple."
"Quick and good value."
"The online application is straight forward."
"Quick response."
"Excellent website, easy to navigate."
"Perfect."
"Very easy to sort out."
"Easy and reliable last time I used you, good communication. "
"Best price and local drop offs."
"No pressure, good price and got back to me very quickly after I had an enquiry."
"Quick and easy."
"Really easy to complete. Thank you."
"Easy, I have used you before."
"It's easy to use,  and the fact you can come collect the car."
"So easy to do,  and better prices than anywhere else."
"Easy to use and immediate quote.  I needed a couple of questions answering. Clicked on callback and a representative phoned me almost immediately!! Unbelievably great service.  Also best price offered."
"Easy to follow procedure. FAQ section was very useful."
"Very good user friendly website."
"Very user friendly site."
"Its quick and easy"
"Easy and simple service"
"Previous collection of vehicle, prompt and efficient, with good price."
"really easy and no fuss."
"Have used before.  Excellent"
"Very fast and easy to complete."
"Very straightforward."
"Quick and easy, have used this service before."
"Easy to follow on line instructions."
"Very easy to do."
"Very good - easy to use, quick and simple."
"Easy to use website."
"Quick and easy. Good instant quote."
"Very easy to use the website and the service from the online chat was prompt, professional and very helpful."
"Clear, no nonsense, email question answered immediately"
"Best price I've seen on the internet"
"No fuss - very straight forward."
"I found the best price at the nearest place."
"Instant quote"
"Very easy and straightforward."
"Quick and easy to use."
"Very quick reply"
"Very quick, no hassle. job done."
"Quick and easy."
"Instant quote."
"Easy to use website, I was recommended by someone else"
"Its been very easy to use :-)"
"Excellent"
"Easy to use and great service "
"5 stars "
"I've used service before very friendly and helpful."
"Very straightforward "
"Brilliant."
"Form easy to complete."
"Clear options and various selection options. "
"Quick and easy instructions."
"Easy to use website."
"Quick, simple and easy to use."
"Have used you before and found the following experience easy and hassle free."
"It's a fantastic idea, the free collection is ideal! "
"Fast and easy."
"Quick quote."
"Very clear."
"Very easy and customer focused. Quick response from customer service re query. Thanks."
"Very easy to use and quick."
"No problems at all."
"Easy to use web site."
"Excellent, very easy to get a price and arrange collection."
"Very clear and straightforward."
"I have used you before and you were efficient."
"Very straight forward and happy with quotes received "
"Very pleased with the service and I have used you before"
"Instant quote online"
"Nice quick and easy service"
"Very quick response to query and quote in seconds."
"Quick and easy to use with a very user friendly interface."
"Easy and quick quote."
"Fairly straight-forward and competitive price on a non runner."
"Very easy to complete and very quick."
"Great price. Easy website. "
"How quick and easy your site is to navigate around also i have used your service before and found it to be excellent."
"Easy and good money!"
"Easy to use website, decent quote, all questions answered in the FAQ."
"Website really easy. Good phone service to assist me with query."
"The site was very easy to use and quick too."
"Great, on time."
"Used this way before and found it easy."
"Excellent service, easy to use."
"Quick quote and good price for current scrap."
"Very easy, used before without any concerns."
"Easy to use. Decent price."
"We have used your services before and were very impressed with how easy the process was."
"Great experience."
"Clear instructions and easy site to use.."
"Fast easy website to use."
"Easy to use website. Quick quote."
"Very clear and fast. Nice look and feel of website."
"Have used your services before, fast, reliable and offer the best price."
"Easy and fast to use, the website is well made."
"Quick and easy."
"Very easy, the FAQ section answered all my questions."
"Easy to use website, easily found on google. "
"Efficient and easy to use, you were recomended by a friend"
"Best value offered compared to local scrap dealers."
"Accommodating when needed to cancel previous pick-up and easy to re-book 2nd time round."
"I've used before and it's a good service."
"Very clear and efficient."
"Used previously for my sons car, everything was perfect"
"Very user friendly."
"Well designed website, references to trade reviews."
"Simple, quick, easy."
"Easy to use web site."
"Nice and easy to use."
"Ease of completing forms."
"Instant quote and detailed time of proposed contact. Miles ahead of competitors and best price too."
"It has been a very easy process."
"Simple, quote given straight away without anyone calling."
"Easy to use and all information clear."
"A fast quote."
"Ease of use."
"Easy to use- straight forward, clear instructions and fair price."
"East to follow."
"Quick and simple to follow."
"Easy to deal with."
"Really easy to follow."
"Quick and efficient."
"Straight forward, simple, no messing around service. "
"Very easy and straightforward - second time user."
"Great online service."
"Used before and always a very easy process."
"Used CarTakeBack before, never had a problem."
"Quick quote and good price offered. Also has given breakdown of options available."
"Quick and hassle free - used you before and was impressed."
"Excellent, the online chat was very helpful and prompt."
"Clear, prompt, helpful."
"The site was easy to navigate. Everything was clear and simple to use."
"Used before and always give good service."
"Good quote price and easy to use website."
"Website is easy to use."
"Easy website to use, generous quote, quick service."
"Good quote, easy to use website, quick and efficient "
"Easy to use and always reliable."
"The women who phoned was cheerful and polite and did not pressurise me."
"Very easy to get a quote which is stress free :)"
"Very quick and easy to use."
"Fast and easy ."
"Easy to fill out forms, easy process."
"Quick and easy."
"Website is very user friendly and straightforward. "
"Easy to follow instructions, and competitive pricing."
"Easy and straightforward."
"Used service before and found it easy and stress free"
"really easy to use! Hopefully the collection is as smooth as this! [i'm sure it will be :) ]"
"A nice and quick way to get rid of a car that no one will buy."
"Excellent customer service"
"Pleasant staff & smooth online access"
"Very efficient and helpful"
"Clear, and consistant. "
"Easy to arrange collection."
"Easy to use."
"Very easy to get an instant quote. Easy to use website. "
"Helpful information."
"Easy and quick to use."
"Speed of quote and two options of collect or drop off."
"Speed and honesty."
"Your website is straightforward and easy to use."
"Fast and easy."
"Easy to use."
"Quick and easy."
"Quick, easy response for quote."
"Easy to use Website."
"Easy to use, instant quote, didn't have to wait for a call back."
"Easy to use website as well as clear and straightforward. "
"Easy and quick to use and good friendly phone support."
"Always reliable."
"It's fast and easy to use."
"Quick and easy."
"Good quote given, better than scrap yards."
"Very simple to use. Great to get a quote straight away."
"Simple and straightforward."
"Easy to use."
"Explains everything I need to know well."
"Fast website."
"It was very easy to understand and make an arrangement with you. Very impressed. "
"Quick access to quote. Simple process."
"Very concise and straightforward."
"Instant quote. Simple and easy - what customers want!"
"Simple and straightforward layout make the process quick and easy."
"I have used this service before and always been pleased."
"Easy to use web portal make the process stress free."
"Have used CarTakeBack several times already - excellent service very happy!"
"Quick, easy and simple. Really helpful to get rid of an old car "
"Quick and easy to retrieve a good quote! Very helpful! "
"Easy to use."
"Straightforward process."
"Easy and quick service."
"Good service."
"Easy and checked out well online."
"When I have phoned customer services with questions they have been brilliant in helping. "
"Very good and very easy to complete the quote"
"Very simple. Good quotes and easy to use site."
"Very easy to use website, good price offered for my car."
"Excellent!"
"Easy to use, collection is a big plus! "
"Great website - easy to use. "
"Fast and easy to use!"
"Simple to complete."
"Easy to use."
"Good quote."
"Website is easy to use. "
"Everything can be done online so there is no long waiting times on the phone."
"Great website. Very clear."
"Simple to use, no nonsense."
"Great website."
"Friendly and easy to use website"
"Very professional website."
"Quick response. Quote held. "
"Very good, only company to actually give a price. all others want a chat on the phone which is annoying."
"Website clear, simple, straightforward, easy to use."
"So easy and lots of choice in drop off or pick up."
"Website is easily accessible."
"Quick and easy - getting an immediate online quotation, far better than leaving details and waiting to be contacted."
"Quick and easy on-line service."
"Quick quote, easy to use website."
"Very easy A+"
"Easy, fast, no messing. Spot on."
"Very well organized"
"Simple and easy to use"
"Very easy and smooth"
"Easy system, very useful"
"Very easy and no hassle"
"Clear efficient information from phone contact and didn't have to wait for the call to be dealt with - that's exceptional!"
"Easy and clear instructions. Very easy to use."
"Easy to navigate website"
"Easy to use website"
"Simple, quick and effective"
"Website is easy to use and quotes are very competitive - Which is what I was looking for!"
"Very easy to use"
"Really quick and informative."
"Quick and competitive "
"Easy, step by step instructions. Very user friendly website."
"Straightforward, no messing about."
"Was easy to navigate, fast working."
"Speed of response."
"Easy compared to other sites."
"Easy to follow information required."
"Easy website and clear quotes. Company was recommended by guardian article about how to scrap cars."
"Speed and clarity of instructions."
"Easy and straightforward."
"Ease of use and immediate quote."
"Quick and easy."
"Sorting without long winded phone conversation."
"An easy way to remove old vehicles and good for the environment."
"It's very easy to organise."
"Website is simple and easy to use."
"Fast and easy."
"Very quick, and helpful."
"Very easy to navigate and understand, would recommend."
"Easy and all online. Best price. "
"Very efficient and user friendly. "
"Good quote."
"Easy to process."
"Quick and easy to use."
"Easy to access."
"Easy and fast to get an initial price. Website easy to navigate from a smart phone."
"Good customer service, live chat very helpful."
"Easy. All the information is there and have the chat service if you do have questions. "
"Quick and easy."
"Very easy to use. "
"Everything is very clear & easy to follow."
"Quick and easy to use."
"Easy to arrange online and plenty of information on your service."
"Online pricing has saved time and money. Very happy. "
"Very quick and simple to use."
"Easy to use the website."
"Quick and easy."
"Quick and easy to use. Prompt quote."
"You have always been clear in your instructions and the website is really easy to use. Your drivers are nice and understanding"
"Very easy to use."
"I have used your service before and was very happy with the service."
"Used you before and very simple web page....no hassle"
"I have used you before it was excellent service"
"I have used your service before and it was excellent"
"Very easy to use website."
"Quick and easy."
"Used you in the past, excellent hence again."
"Prompt response."
"Ease of use."
"Good advice in FAQs."
"Quick quote."
"Easy to use and a quick reply to Email query."
"It's easy to use."
"Simple, no nonsense procedure with options that are easy to follow."
"Clear simple and easy to use."
"Speed and friendliness."
"Ease of application."
"The website was very easy to use."
"It was so quick and a very good price quoted."
"Quick and easy and the best price I've found."
"Procedure is very easy to follow."
"Very simple to get a quote."
"Very easy to use and great price "
"It's so easy and quick, I have used you before."
"website quick and easy to use"
"Easy to use website with clear instructions"
"Easy to use website. Good service"
"It's simple to use and with an instant reply it has made scrapping my car extremely easy."
"Great web site, very helpful."
"Simple to use and straightforward."
"Easy to use."
"The process was really easy."
"Perfect, just the job required needed and done."
"Quick and easy and the best quote I had "
"The website was very easy to use and everything was very well explained and detailed. Helped a lot"
"Ease of use and customer friendly."
"Very quick quote and competitive price, the best price around."
"Very easy to get a quote."
"Good price and easy to arrange."
"I have used this site before and the service and efficiency is excellent"
"Simplicity!"
"Fast reply when I have contacted the company via email and quick quote online."
"Website clear and phone agent was clear & staright forward."
"Service was nice and easy to use, and good price for the car."
"Very easy to use and understand"
""Quick and easy Does what it says on the tin. As they say""
"Very helpful, easy to complete."
"Very quick and easy to use online service."
"Thank you so much CarTakeBack for your service. You made things so simple for me especially as I am a very busy person."
"very easy to use website, instant email notificatiion, excellent prices, convenient opening times."
"Very quick and easy to arrange."
"Fast and exactly what I wanted. "
"Simple, easy to use, clear instructions. Great that you are so flexible with collection times."
"Fast and stress free."
"Very easy to use."
"Very simple and easy to use. "
"Quick and easy."
"Hi, I would like to say how impressed I am with the service I received from your company. I only emailed yesterday and you picked up today. Real fast service with a really pleasant young man who was polite and helpful. I would definately recommend you. Thank you"
"Really quick and easy"
"Easy to use website."
"I think this site is very helpful."
"Easy to deal with and a good price."
"It was easy."
"No messing, no fuss."
"Instant quote."
"Easy to use website and informative."
"Quick and easy and a better quote than I have had so far."
"Website was easy use information readily available."
"Easy to follow."
"Easy to use, simple quote."
"Quick and easy."
"It's been extremely straight-forward."
"Easy forms to fill in. Good support for pick up preferences. Good that you can get a quote before providing any personal details."
"Very easy and user friendly."
"Simple and quick."
"Offered the highest price and easy to use."
"Good offer, easy to use website."
"Easy to use."
"Quick and easy."
"Ease of use."
"It's very straightforward and easy to use."
"Website is easy to use."
"Quick and simple process."
"Easy, gave option to have car picked up, best quote online."
"Instant online quote"
"Good quote and local recycling centre for delivery."
"I have used your service before and found you to be very efficient and straight forward. "
"Fast, easy, best price."
"Quick and simple, offering a great price."
"Quick and easy. Hassle free."
"Straightforward, fast and easy!"
"Convenient and easy to use website."
"Online chat available to double check a few things."
"Straight forward & convienent."
"On line chat very useful, quick and helpful."
"Easy to use website"
"Easy and straightforward."
"Very fast and easy."
"Easy to understand."
"Very easy to use."
"Excellent customer service, via online chat and telephone."
"Very quick and easy, used the service before."
"Website is well designed."
""Prompt call back service from contact centre. Simple easy service. ""
"Easy and straightforward."
"Very easy and straightforward."
"It's been easy to get and accept a quote and a good price for the car too"
"Simple and user friendly."
"Very easy and quick!"
"Very easy to use."
"Straightforward and simple!"
"Quick and easy."
"Easy and reasonable price."
"Great customer service "
"Quick, easy and simple."
"Easy to follow instructions."
"Easy to contact, and easy and quick to use internet site."
"Quick and easy service using the online quotation tool."
"Simple, straightforward and excellent service."
"Really helpful on the phone & it was answered quickly too"
"Very short time to organise collection of car."
"Didn't have to fill in all my details just to get a quote (unlike other scrap websites). Plus you offered the best price. "
"The only experience has been very good, a quick quote and manageable times for collection."
"Quick, straight to the point."
"Very straightforward and speedy."
"Easy online service."
"Very clear and helpful."
"Very simple and straightforward."
"Quick and easy."
"Immediate online quote even though after hours. Easy website to negotiate. All in all very professional service."
"Very easy to understand."
"Easy to use."
"I was really impressed at how quick and easy it was. thanks "
"Quick and simple to use. No hidden agenda."
"Prompt. Clear. Polite."
"Easy website to use. "
"Easy to navigate website."
"Good service, helpful and proffesional. "
"Quick and very easy to use and understand, I can also save my quote for later."
"Very professional and friendly."
"Quick and easy website with a good offer."
"Very clear and easy to use website."
"Quick quotation, quick response, very happy and will recommend to friends."
"I have used your services twice before and I am always very happy with the service provided."
"Very easy to use. Good online chat function."
"Very clear and simple."
"Very quick, no messing."
"Simple step by step, easy to follow."
"Very quick and easy"
"Straightforward, simple and easy."
"Very straight forward, easy to do business with."
"It was very easy to use."
"Easy and clear site to navigate."
"Website very easy to navigate."
"Quick and easy to use"
"simple and straight forward"
"Extremely user friendly, convenient service and removes any potential hassle that could be associated with scrapping a car also very competetive prices which adds to a great customer experience."
"Instructions so easy to follow Thanks!!!!! Friendly service. Would recommend to my friends"
"I'm a returning customer "
"Quick emailed response, followed by a polite telephone call the next day."
"CarTakeBack offers the most competitive quotes out there!"
"Best price quote. Uncomplicated online transaction. Ability to change mind and return to previous pages"
"Awesome"
"Very easy to use."
"Quick and easy."
"Clear optional service offered."
"Quick and easy - I have used your site before."
"Quick quote."
"I love that I didn't have to put in all my personal information just to get a quote unlike with so many other websites."
"Straightforward, best price."
"Easy to use and clear instructions."
"Very easy to follow website."
"Best price. Easy to use."
"Quick response time."
"Straightforward and easy to use web-site."
"Great service."
"Quick quote."
"Easy to use."
"Simple to set up."
"Quick and easy to get an answer via the phone."
" Very quick and simple to use site."
"Ease of use."
"Simple to use."
"Easy to use website."
"Ease of getting a quote."
"Easy and simple."
"This is my second time having a car removed, service was excellent first time so I am using this company again."
"Easy to use system."
"Easy to use."
"Quick response with quote."
"Prompt and easy to agree times."
"Swift and professional."
"Ease of use, quick."
"Easy to follow."
"Easy to do from work or home."
"Convenient and simple."
"Very easy, good price"
"I liked how easy it was to use the site, and the fact that we were told right out from how much the car is worth."
"Excellent, very clear."
"It's been straightforward and simple - easy to understand."
"Simple, effective and competitive prices."
"Very concise site. Application very straightforward and quote immediately given."
"Easy process compared to other scrap websites."
"Brilliant!"
"Fast quote, good price, simple to use website"
"The fact that you've managed to beat 2 of the local businesses in this area, who claimed they would be making a loss on £110."
"Easy to arrange."
"Fast, Easy, Fair."
"Easy to get an instant quote as well as a custom quote. Fairly quick too. Seems easy to arrange collection."
"Good because you didnt ask for loads of info just to get a quote."
"How simple and accessible the information needed is provided."
"Good prices "
"Simple and easy"
"Extremely easy!"
"Easy to use."
"Perfect for getting rid of my old car quickly and conveniently "
"Very easy to access and good price"
"Great service. Courteous operator, bang on time."
"Easy and quick to do :)"
"Very easy to complete"
"Quick and easy"
"Hassle free"
"Quick and simple"
"5 stars Simple,  clear website, good information"
"Have used before, very fast and reliable service, no messing about."
"Ease and simplicity of use."
"Very happy."
"Really quick to process."
"Easy to use and hassle free."
"Easy to use."
"Quick and easy."
"Fast and easy to do."
"Very easy to navigate website and informative."
"It's been quick and easy."
"Just what I was looking for."
"Clear and user friendly site. I feel well informed."
"Quick and efficiant."
"Very professional service"
"Quick and effective.... Exactly what it should be..."
"Very easy and straightforward."
"Positive and very responsive"
"Great easy to use and response very quickly"
"Easy and excellent prices "
"Brilliant"
"Very easy to use."
"Simple, easy to use website, clear instructions and information."
"Fast and easy to use online service."
"Easy and simple to use with no fuss."
"Quick and efficient process."
"Straightforward service."
"Excellent phone manners."
"Simple and user friendly website. Also a convenient service."
"Website has been very easy to use."
"Straightforward, easy to use."
"Very straightforward and your collection service."
"Very easy and straightforward."
"Ease of use."
"Very simple and understandable."
"Good website, easy to use."
"Very convenient."
"Clear and simple. Questions answered by phone clearly."
"User friendly."
"Good quote."
"Easy and fast quotes."
"Very simple and fast."
"Easy to use.  "
"Good, easy to follow site."
"Found website easy to use."
"Nice and straightforward. "
"Excellent and easy website to use"
"It's quick and easy to use, just what I was looking for."
"Straight forward - quick and clear quote."
"Excellent and polite on phone."
"Easy to fill in details."
"Easy to use and great email response."
"Easy to use."
"Very straightforward."
"Very straightforward."
"Easy to use website. I have used your service before and it was excellent, reliable and trustworthy."
"Very easy to arrange."
"Efficient, clear and fast! Excellent!"
"Prompt response."
"I emailed a question to your staff and got a reply within 5 mins, so therefor i could finish my quote. "
"Thanks - great service, the whole process has been brilliant, much appreciated, cheers."
"Quick and Easy"
"Quick and simple"
"Nice simple websited, very easy to use"
"very helpful website very easy to do very good quote"
"Straightforward and quick"
"Easy to use website, quick response!"
"Very easy to use site, well set out. Immediate quotation"
"Very easy and efficient "
"Easy hassle free"
"Very easy and straightforward."
"Ease of use."
"Very easy to use web site."
"Simple and easy to use."
"How quick it is to get a quote."
"Easy to use."
"It's been quick and easy."
"It was easy to use."
"Easy and straightforward."
"Simple to use."
"Easy to navigate and an instant quote."
"Very easy an understanding which is good in this lifetime."
"Helpful staff on the online chat."
"Simple and easy to use, does all the work for you as you don't have to ring different companies and look for quotes yourself."
"Great service."
"Simple, straightforward."
"Quick and easy to use!"
"Very simple and straightforward and price quoted is ok."
"I like the fact that is so easy to sort everything out."
"Easy to use."
"Quick and easy."
"That you, got back to me straight away ."
"Immediate quote without asking for personal details."
"You are fast."
"Easy to use."
"Quick and easy to arrange."
"Convenience of online service."
"Instant quote and easy application process."
"Easy to use website."
"It is very quick and simple. The service provided is very accessible, easy to understand and the information given about the service is thorough. I would definately recommend your service to everybody I know."
"Good rates."
"Straight forward!"
"Simple straightforward. Clear language used. Easy to use website."
"Easy to understand and complete. Reasonable price."
"Very quick with quote."
"Pretty straight forward."
"Only takes a second, and only need car reg and postcode to get quote."
"Very easy to use and quick."
"Fantastic!"
"Located the best price with the least hassle."
"Easy to organise."
"Simple and Straight forward."
"The speed which you sorted out my enquiry."
"Easy quote and easy to use site."
"Quick and easy "
"Fast and fuss free."
"Easy to get price etc and set up."
"Slick website. Simple to use. Informative."
"Very easy and quick. Not many questions. "
"Easy to set up."
"The free collection & the site was easy to use."
"Easy to use website."
"Quick, easy & clear."
"Straight forward, easy to use."
"Very easy and quick."
"Easy system and good feedback."
"Straightforward and fuss free."
"Easy to use ."
"I wanted to write a quick note of thanks for the excellent service provided by one of your employees for the below collection of my vehicle K*****B this morning. The collector arrived in a timely fashion and called 15 minutes before arriving to confirm that he was on his way, which was very much appreciated . Despite the car not running and being left in an awkward position on a busy road, the collector managed both manoeuvring my car onto his vehicle, and also the flow of traffic in a highly professional and efficient manner."
"Nice and easy."
"Easy input system, clear offers."
"Used before,  was excellent and helpful. "
"Precise and respectful of private information."
"It's great to get the 'collect' or 'drop off' choice and it's very clear which amount you will get for each option. Great!"
"Reliable and Convenient."
"Excellent "
"Very simple and straightforward."
"Excellent"
"Very Simple. I have an extremely busy life and this saves me any extra stress."
"Easy site to navigate - answers all questions I had."
"Very simple forms to fill out. Easy to follow."
"Easy and straightforward."
"Very easy to access online."
"Easy site to use, seems very helpful and good that you can pick up."
"Easy, clear, efficient."
"Quick and easy."
"Simple and straightforward to book in a collection."
"I have used CarTakeBack before & found the service fast & efficient."
"Easy to use."
"Quick and easy"
"Very easy to use."
"Hassle free online service"
"Very easy and no hidden nonsense."
"Site easy and straightforward to use."
"The easy use of the website."
"Easy to understand and flexible to fit in with us"
"Simple and easy to understand"
"It's just so easy, simple, and straightforward to use."
"Best price found online and locally. Quick and easy."
"Very quick & efficient."
"Express Service"
"Clear and easy."
"Quick and Easy."
"Helpful responses."
"Very quick decision on the quote and good instructions."
"Clear and precise instructions."
"Excellent service."
"Nice and simple."
"Very easy to do and straightforward"
"Very quick and easy. Stress free."
"quick and easy"
"Very fast and efficient. "
"It was easy and quick."
"Easy to use."
"Website is very easy to use, quick quote."
"Quick and easy. "
"Fast and easy."
"Clear, quick and easy to understand."
"Quick and easy."
"Very good web site."
"Easy, simple and great value."
"Easy site to use. You were recommended by a car dealer."
"Best quote so far."
"Very easy."
"Ease of use and choice of locations."
"Easy and uncomplicated "
"Everything is straight forward :)"
"Excellent"
"Easy and straightforward"
"Very quick response as opposed to some of the run-arounds that I have experienced thus far."
"Easy to understand."
"User friendly."
"Easy to use and clear instructions."
"All automated system that is simple to follow."
"Easy & quick.  Fair price."
"Super quick, good price, easy to use, would scrap again!"
"Simple and easy to use."
"Easy and straightforward."
"Easy to use."
"Very easy to run through and book."
"Fairy easy to use service."
"Quicl and easy. Very informative."
"Easy to use and I can choose when to be contacted."
"Great service."
"Best quote and unbelievably easy to use."
"Helpful service over the phone. Easy to use website."
"Easy to use Website. Instant quote."
"A very good experience and helpful service"
"Very quick and easy service to use."
"Quick quote and easy to use website"
"Great Service, Best prices for money back !"
"Easy website to follow."
"Ease, no hassle."
"Very good website very user friendly "
"Very efficient service, quick and easy."
"Used your service before. Was happy then and still happy now."
"Easy, quick, great!"
"Quick, easy and a fair price."
"Fast and easy"
"Quick and Easy"
"Quick and easy."
"Quick, easy and straight forward. Just how a first class service should be."
"Very simple to get quote and arrange. "
"The site is very easy to use."
"Easy to use. Very happy with it."
"Quick and efficient"
"Easy to arrange pick up."
"Very quick and easy service."
"Quick and easy no fuss."
"Efficient and prompt."
"Ease of filling in the form, and the price you've quoted."
